state,region
Alabama,Deep South
Alaska,Pacific West
Arizona,Southwest
Arkansas,South Central
California,Pacific West
Colorado,Southwest
Connecticut,New England
Delaware,Mid Atlantic
Florida,Deep South
Georgia,Deep South
Hawaii,Pacific West
Idaho,Northwest
Illinois,Great Lakes
Indiana,Great Lakes
Iowa,Upper Plains
Kansas,South Central
Kentucky,Mid South
Louisiana,Deep South
Maine,New England
Maryland,Mid Atlantic
Massachusetts,New England
Michigan,Great Lakes
Minnesota,Upper Plains
Mississippi,Deep South
Missouri,South Central
Montana,Northwest
Nebraska,Upper Plains
Nevada,Southwest
New Hampshire,New England
New Jersey,Mid Atlantic
New Mexico,Southwest
New York,Mid Atlantic
North Carolina,Mid South
North Dakota,Upper Plains
Ohio,Great Lakes
Oklahoma,South Central
Oregon,Northwest
Pennsylvania,Mid Atlantic
Rhode Island,New England
South Carolina,Mid South
South Dakota,Upper Plains
Tennessee,Mid South
Texas,South Central
Utah,Southwest
Vermont,New England
Virginia,Mid South
Washington,Northwest
West Virginia,Mid Atlantic
Wisconsin,Great Lakes
Wyoming,Northwest
